{"_step":0,"_wandb":{"runtime":933},"info/pre_freeze_param_count":51353131,"info/post_freeze_param_count":51353131,"_timestamp":1.740072983672003e+09,"_runtime":908.063369257}