{"_step":0,"_wandb":{"runtime":953},"info/pre_freeze_param_count":51353131,"info/post_freeze_param_count":51353131,"_timestamp":1.7401862984419546e+09,"_runtime":931.266438951}