{"info/post_freeze_param_count":51353131,"_timestamp":1.7401843526114168e+09,"_runtime":925.763495102,"_wandb":{"runtime":948},"_step":0,"info/pre_freeze_param_count":51353131}